"","item","group1","vars","n","mean","sd","median","trimmed","mad","min","max","range","skew","kurtosis","se"
"X1","1","1",1,4446,11467.8576248313,6921.08806749289,10873.5,11439.7790893761,8735.4792,1,23529,23528,0.081970941320016,-1.23205421050791,103.798157923888
"X2","2","2",1,2543,11927.3397561935,6411.65692588032,12019,11999.5454545455,7719.8982,10,23522,23512,-0.090792469529682,-1.13408954872847,127.144358824156
"X3","3","3",1,897,11200.3377926421,5787.5700249012,10506,11074.331015299,6003.0474,11,23388,23377,0.194578754398489,-0.866647533133492,193.241338566651
"X4","4","4",1,4570,12170.4496717724,6820.29978059323,12476.5,12252.4007111597,8999.382,15,23531,23516,-0.065767602261812,-1.22410732172658,100.88935931076
"X5","5","5",1,3003,11970.2540792541,6713.52966483891,11824,11986.8830628381,8603.5278,19,23441,23422,-0.047805826816268,-1.17421591395541,122.510481329239
"X6","6","6",1,3817,12028.2318574797,7167.71604924697,11877,12086.335188216,9792.573,90,23528,23438,-0.079916857244715,-1.26792306296539,116.016487407785
"X7","7","7",1,1317,11929.6750189825,6612.71085821141,12911,11978.6246445498,8258.082,136,23103,22967,-0.119511305551618,-1.19392488481996,182.21605758923
"X8","8","8",1,1735,10877.6011527378,6616.62888411307,10476,10730.6551475882,7851.8496,170,23532,23362,0.183970455611703,-1.10680621223784,158.849933333101
"X9","9","9",1,1204,11182.596345515,6909.41148005276,12048.5,10959.9221991701,9060.1686,278,23530,23252,0.210718722064836,-1.13158940853744,199.125928453902
"Is_Resigning1","10","1",2,4446,1.15901934322987,0.365735256286562,1,1.07391793142215,0,1,2,1,1.86421165094394,1.47561712896233,0.005485069041192
"Is_Resigning2","11","2",2,2543,1.15650806134487,0.363407788747573,1,1.07076167076167,0,1,2,1,1.88965055662337,1.57139762063188,0.007206444578391
"Is_Resigning3","12","3",2,897,1.1025641025641,0.303557961347476,1,1.00417246175243,0,1,2,1,2.61559817653434,4.84676084905836,0.010135505321052
"Is_Resigning4","13","4",2,4570,1.1855579868709,0.388792099729251,1,1.10694748358862,0,1,2,1,1.61717898926381,0.615402688370061,0.00575121139959
"Is_Resigning5","14","5",2,3003,1.16716616716617,0.373186302021993,1,1.08406158967957,0,1,2,1,1.78314690144794,1.18000614721409,0.006810014369288
"Is_Resigning6","15","6",2,3817,1.16557505894682,0.371747446852716,1,1.08216039279869,0,1,2,1,1.79873367943952,1.23576680886304,0.006017095639719
"Is_Resigning7","16","7",2,1317,1.07972665148064,0.270972443324849,1,1,0,1,2,1,3.09960842664774,7.613354959128,0.007466760818169
"Is_Resigning8","17","8",2,1735,1.14121037463977,0.348338831167953,1,1.05183585313175,0,1,2,1,2.05881629093611,2.24001659208126,0.008362808475056
"Is_Resigning9","18","9",2,1204,1.14950166112957,0.356730443482606,1,1.06224066390041,0,1,2,1,1.96342775724087,1.85659264731574,0.010280800466338
"Age1","19","1",3,4446,35.7053531264058,8.70387747780347,35,35.0722315907813,8.8956,18,59,41,0.587129750627342,-0.243505359770011,0.13053532048444
"Age2","20","2",3,2543,38.2375147463626,8.90416987626386,36,37.6604422604423,8.8956,19,60,41,0.524731157133865,-0.596631817396342,0.17657135789802
"Age3","21","3",3,897,41.5607580824972,9.5559290381319,42,42.0751043115438,10.3782,18,60,42,-0.437138838136447,-0.323130293459854,0.319063183794145
"Age4","22","4",3,4570,35.0765864332604,8.58606722508041,34,34.7869256017505,7.413,18,60,42,0.376225390788648,-0.026383978164358,0.127009493600607
"Age5","23","5",3,3003,36.3536463536464,9.32685097401127,35,35.5980024968789,8.8956,18,60,42,0.600812223245849,-0.243883517279013,0.170199143990767
"Age6","24","6",3,3817,36.2179722294996,8.81739762139,35,35.7633387888707,8.8956,18,60,42,0.472960582687011,-0.210658694661059,0.142718195459054
"Age7","25","7",3,1317,42.1351556567957,10.1258022419649,42,42.5184834123223,11.8608,18,60,42,-0.276232540506665,-0.840661865959956,0.279020783460973
"Age8","26","8",3,1735,38.0806916426513,8.81694862994214,37,37.5968322534197,8.8956,18,60,42,0.42400964595049,-0.382337839785964,0.211674513804233
"Age9","27","9",3,1204,38.313122923588,8.53913550232234,38,38.0798755186722,8.8956,18,59,41,0.234602389397272,-0.365515522298885,0.246093793950832
"BusinessTravel1","28","1",4,4446,3.5391363022942,0.890986016587782,4,3.77599775154581,0,1,4,3,-2.04503552057604,3.07022876831463,0.013362452024289
"BusinessTravel2","29","2",4,2543,3.47306331104994,0.975688914516242,4,3.71597051597052,0,1,4,3,-1.81308929572793,1.89458892586728,0.019348094085831
"BusinessTravel3","30","3",4,897,3.6577480490524,0.757351360843368,4,3.84144645340751,0,1,4,3,-2.54417314307726,5.9198115189164,0.02528722591778
"BusinessTravel4","31","4",4,4570,3.49737417943107,0.931262964559553,4,3.74671772428884,0,1,4,3,-1.90082931344687,2.38744949838853,0.013775717617515
"BusinessTravel5","32","5",4,3003,3.5001665001665,0.91343330279275,4,3.74365376612568,0,1,4,3,-1.91556627770426,2.54091022134157,0.016668601938766
"BusinessTravel6","33","6",4,3817,3.46869269059471,0.968923408977666,4,3.71031096563012,0,1,4,3,-1.80562384737291,1.91185530691825,0.015682972051966
"BusinessTravel7","34","7",4,1317,3.48367501898254,1.00564478737775,4,3.72796208530806,0,1,4,3,-1.82554591683601,1.7762167040155,0.027710969437532
"BusinessTravel8","35","8",4,1735,3.53832853025937,0.889902717729823,4,3.7739380849532,0,1,4,3,-2.04165359258715,3.06749975609518,0.021364502960676
"BusinessTravel9","36","9",4,1204,3.47923588039867,0.918309597149982,4,3.72095435684647,0,1,4,3,-1.85336579923481,2.33755955698954,0.026465242614154
"DailyRate1","37","1",5,4446,818.607062528115,407.744700153834,821,823.316750983699,529.2882,104,1498,1394,-0.065684826050596,-1.22680642194683,6.11510045334927
"DailyRate2","38","2",5,2543,786.928037750688,388.025818890259,796,781.040786240786,464.0538,102,1495,1393,0.140301673552114,-1.02493097534811,7.69462473122676
"DailyRate3","39","3",5,897,819.437012263099,418.473782422498,845,824.571627260083,539.6664,103,1495,1392,-0.146168202082905,-1.23502624255302,13.972432907497
"DailyRate4","40","4",5,4570,816.619693654267,399.064399091079,827,821.599835886214,511.497,111,1499,1388,-0.063890689044536,-1.21694003221551,5.90316450056841
"DailyRate5","41","5",5,3003,786.561771561772,414.477576381292,735,784.799001248439,555.975,103,1496,1393,0.055761171609637,-1.23887070297154,7.56350979553867
"DailyRate6","42","6",5,3817,779.604663348179,403.060830562068,750,778.716857610475,532.2534,103,1490,1387,0.047029023648828,-1.23583510431278,6.52393334950655
"DailyRate7","43","7",5,1317,766.991647684131,383.951577363569,727,763.273933649289,486.2928,102,1496,1394,0.069404343785339,-1.08136028535508,10.5799488640093
"DailyRate8","44","8",5,1735,789.783285302594,412.599050017939,770,787.08279337653,526.323,119,1499,1380,0.057869128110081,-1.26420241784699,9.90554748295147
"DailyRate9","45","9",5,1204,872.555647840532,386.114762131445,906,884.091286307054,478.8798,107,1496,1389,-0.174533828131626,-1.07227648151347,11.1276424513358
"Department1","46","1",6,4446,3.19253261358525,0.653999047613372,3,3.22934232715008,0,1,4,3,-1.18992190171075,3.37943998090078,0.009808269417215
"Department2","47","2",6,2543,3.33818324813213,0.610413954100406,3,3.36019656019656,0,1,4,3,-0.98774385638196,2.86762700650175,0.012104623143223
"Department3","48","3",6,897,3.14715719063545,0.750427891953954,3,3.24200278164117,0,1,4,3,-1.27579127362239,2.3528208846697,0.025056058020034
"Department4","49","4",6,4570,3.15995623632385,0.668208764368594,3,3.20514223194748,0,1,4,3,-1.23848886072091,3.32783829412231,0.009884485475962
"Department5","50","5",6,3003,3.15584415584416,0.661863230884886,3,3.19766957969205,0,1,4,3,-1.23604340266529,3.42311901484395,0.012077876621966
"Department6","51","6",6,3817,3.22845166361016,0.633778011163999,3,3.25466448445172,0,1,4,3,-1.11352430277411,3.40807647847366,0.010258316337638
"Department7","52","7",6,1317,3.11465451784358,0.659099948030366,3,3.15734597156398,0,1,4,3,-1.28783736469037,3.60826359994753,0.018161779134532
"Department8","53","8",6,1735,3.36253602305475,0.622976466579204,3,3.39380849532037,0,1,4,3,-1.08608194420025,2.89683347498974,0.01495622195493
"Department9","54","9",6,1204,3.33471760797342,0.649898517550604,3,3.37655601659751,0,1,4,3,-1.18722203310884,3.01367191836304,0.018729763899818
"DistanceFromHome1","55","1",7,4446,8.7242465137202,7.7620971477941,7,7.61635750421585,7.413,1,29,28,1.01317474457205,-0.077233101636829,0.116411087058909
"DistanceFromHome2","56","2",7,2543,9.85961462839166,8.21430317921354,8,8.85601965601966,8.8956,1,29,28,0.861302145526634,-0.413370295085438,0.162891171967211
"DistanceFromHome3","57","3",7,897,9.04347826086956,8.67180007032146,6,7.79694019471488,5.9304,1,29,28,1.02997911881141,-0.280789210000536,0.289542976786688
"DistanceFromHome4","58","4",7,4570,9.00459518599562,7.93998201519627,7,7.83615973741794,7.413,1,29,28,1.02414010387892,0.018713062360606,0.117452271047012
"DistanceFromHome5","59","5",7,3003,9.17382617382617,7.99615294612326,7,8.1685393258427,7.413,1,29,28,0.877854038591247,-0.438171501211605,0.145916171539741
"DistanceFromHome6","60","6",7,3817,9.3314121037464,8.1346401235336,7,8.2468085106383,7.413,1,29,28,0.944686760445954,-0.230165794355495,0.131667098274345
"DistanceFromHome7","61","7",7,1317,8.30447987851177,7.9280054357319,6,7.05781990521327,5.9304,1,29,28,1.08726728406505,0.032363797287146,0.218459558571382
"DistanceFromHome8","62","8",7,1735,9.84438040345821,8.4403730815656,8,8.89920806335493,8.8956,1,29,28,0.779256221173952,-0.67821096515295,0.202633807154036
"DistanceFromHome9","63","9",7,1204,9.97259136212624,8.75386605080121,7,8.84128630705394,7.413,1,29,28,0.936316376556261,-0.360468849383238,0.252282225477412
"Education1","64","1",8,4446,2.82096266306793,1.05223382071372,3,2.86734120292299,1.4826,1,6,5,-0.210647577485168,-0.746258336920254,0.01578074592177
"Education2","65","2",8,2543,2.94337396775462,1.06659562161388,3,2.98427518427518,1.4826,1,6,5,-0.180927249605529,-0.566223131138713,0.021150791129725
"Education3","66","3",8,897,2.917502787068,1.09273943429044,3,2.95410292072323,1.4826,1,5,4,-0.139015092918384,-0.780567339105612,0.036485507748211
"Education4","67","4",8,4570,2.90218818380744,1.01372482511114,3,2.96608315098468,1.4826,1,6,5,-0.301414463378706,-0.51193964061963,0.014995535594182
"Education5","68","5",8,3003,2.8944388944389,1.02297672941263,3,2.94673325010404,1.4826,1,6,5,-0.202375658789058,-0.518171835289062,0.018667582890908
"Education6","69","6",8,3817,2.92821587634268,0.990564917031033,3,3.00196399345336,1.4826,1,6,5,-0.30087466549673,-0.478178876255978,0.016033261004445
"Education7","70","7",8,1317,2.94381169324222,1.00675607789568,3,3.00663507109005,1.4826,1,5,4,-0.271548811961723,-0.440634834869463,0.027741591519966
"Education8","71","8",8,1735,3.00576368876081,0.991876567526924,3,3.1036717062635,1.4826,1,5,4,-0.557273722497482,-0.313526893472301,0.02381265889109
"Education9","72","9",8,1204,3.04817275747508,0.989221202219908,3,3.13900414937759,1.4826,1,6,5,-0.472131611128027,-0.09812861779502,0.028508881097471
"EducationField1","73","1",9,4446,3.185110211426,1.34060529753493,3,3.03035413153457,1.4826,1,6,5,0.593766810636091,-0.678943217499298,0.020105561297609
"EducationField2","74","2",9,2543,3.26622099882029,1.29951397799038,3,3.10810810810811,1.4826,1,7,6,0.582102458722697,-0.565507882907375,0.025769605801535
"EducationField3","75","3",9,897,3.12597547380156,1.31303763285393,3,2.95271210013908,1.4826,1,6,5,0.709839789347741,-0.497100686955078,0.043841050504683
"EducationField4","76","4",9,4570,3.27702407002188,1.33338428940869,3,3.12828227571116,1.4826,1,6,5,0.509312342671575,-0.746560955986246,0.019724101725888
"EducationField5","77","5",9,3003,3.24575424575425,1.31898369091251,3,3.10445276737412,1.4826,1,6,5,0.511833635720633,-0.730709095881787,0.024069205754077
"EducationField6","78","6",9,3817,3.27167932931622,1.33542176609855,3,3.1253682487725,1.4826,1,6,5,0.514605084446992,-0.726332788572504,0.0216151060458
"EducationField7","79","7",9,1317,3.12148823082764,1.29253229312646,3,2.9781990521327,1.4826,1,6,5,0.588050573008766,-0.600971825866737,0.035616276563463
"EducationField8","80","8",9,1735,3.27492795389049,1.33402361730619,3,3.11447084233261,1.4826,1,6,5,0.575816550021817,-0.691036824255279,0.032026817037098
"EducationField9","81","9",9,1204,3.3687707641196,1.41429167133706,3,3.24377593360996,1.4826,1,6,5,0.511316214809143,-0.776358326480773,0.040759208359879
"EnvironmentSatisfaction1","82","1",10,4446,2.71569950517319,1.10796727854886,3,2.76953344575604,1.4826,1,4,3,-0.283746382612975,-1.26785684886867,0.016616601527363
"EnvironmentSatisfaction2","83","2",10,2543,2.73771136453008,1.09968407596553,3,2.7970515970516,1.4826,1,4,3,-0.360825394292128,-1.19199243780047,0.021806941382562
"EnvironmentSatisfaction3","84","3",10,897,2.62095875139353,1.11459772906058,3,2.65090403337969,1.4826,1,4,3,-0.162139866559382,-1.33099227811594,0.037215334967924
"EnvironmentSatisfaction4","85","4",10,4570,2.71028446389497,1.08416007615892,3,2.76285557986871,1.4826,1,4,3,-0.270137511238601,-1.21816975384298,0.016037449817853
"EnvironmentSatisfaction5","86","5",10,3003,2.74225774225774,1.09637332807739,3,2.80274656679151,1.4826,1,4,3,-0.382654098598158,-1.16566786135732,0.020006945801218
"EnvironmentSatisfaction6","87","6",10,3817,2.75530521351847,1.10024952732838,3,2.8189852700491,1.4826,1,4,3,-0.371960906057676,-1.18864623100896,0.017808613588442
"EnvironmentSatisfaction7","88","7",10,1317,2.75626423690205,1.10358658867224,3,2.81990521327014,1.4826,1,4,3,-0.41690732664083,-1.15634110644825,0.0304097973899
"EnvironmentSatisfaction8","89","8",10,1735,2.66628242074928,1.08086468482661,3,2.7077033837293,1.4826,1,4,3,-0.311479227845372,-1.17360899833025,0.025949057463244
"EnvironmentSatisfaction9","90","9",10,1204,2.6702657807309,1.05780380517036,3,2.71265560165975,1.4826,1,4,3,-0.269649939298439,-1.14137514808988,0.030485398855564
"Gender1","91","1",11,4446,1.59356725146199,0.492594431661478,2,1.61607644744238,0,1,3,2,-0.363930912835706,-1.82241645829317,0.007387623753868
"Gender2","92","2",11,2543,1.60204482894219,0.489572368710851,2,1.62751842751843,0,1,2,1,-0.416709388547608,-1.82707129247154,0.009708311850952
"Gender3","93","3",11,897,1.58751393534002,0.494817061338582,2,1.60778859527121,0,1,3,2,-0.327333170232686,-1.82133563572539,0.016521460797412
"Gender4","94","4",11,4570,1.61356673960613,0.488331533952948,2,1.64113785557987,0,1,3,2,-0.449388583323377,-1.75254308631554,0.007223649572111
"Gender5","95","5",11,3003,1.57242757242757,0.495481583578936,2,1.59009571369122,0,1,3,2,-0.284438771714209,-1.89770187763892,0.009041694953989
"Gender6","96","6",11,3817,1.63086193345559,0.483719338444789,2,1.66284779050737,0,1,3,2,-0.528247135692419,-1.68330459234187,0.007829470106238
"Gender7","97","7",11,1317,1.58921791951405,0.492162660036259,2,1.61137440758294,0,1,2,1,-0.362279317217929,-1.87017199142897,0.013561751228405
"Gender8","98","8",11,1735,1.59365994236311,0.49129108640766,2,1.61699064074874,0,1,2,1,-0.381061095049981,-1.85586110600737,0.011794761001389
"Gender9","99","9",11,1204,1.58720930232558,0.492540383427165,2,1.60892116182573,0,1,2,1,-0.353826294379833,-1.87636332576528,0.014194777866989
"HourlyRate1","100","1",12,4446,65.1063877642825,20.8539442746021,64,65.1689151208544,26.6868,30,100,70,0.005974262977352,-1.25029703871888,0.312754436880792
"HourlyRate2","101","2",12,2543,66.3338576484467,19.4358226415332,66,66.6624078624079,23.7216,30,100,70,-0.114272759573731,-1.1094165300752,0.385416006586857
"HourlyRate3","102","3",12,897,67.108138238573,19.2806027209846,66,67.4492350486787,22.239,30,100,70,-0.066225498643364,-0.993466955162487,0.643760587283519
"HourlyRate4","103","4",12,4570,66.9424507658643,20.6977744996571,67,67.3263129102845,26.6868,30,100,70,-0.109967235850287,-1.19414722363955,0.306172056303274
"HourlyRate5","104","5",12,3003,66.0692640692641,20.20279920277,66,66.1285892634207,26.6868,30,100,70,-0.012641331540591,-1.18508328381299,0.368666674326628
"HourlyRate6","105","6",12,3817,66.3615404768143,20.5832733310942,67,66.5040916530278,28.1694,30,100,70,-0.057752695783846,-1.23422824543586,0.333160389560742
"HourlyRate7","106","7",12,1317,64.3606681852695,20.744788824738,66,64.3933649289099,26.6868,30,99,69,-0.022224612013674,-1.31941389220561,0.571631470998158
"HourlyRate8","107","8",12,1735,64.5302593659942,19.4153912444756,64,64.2850971922246,23.7216,30,100,70,0.08734713129899,-1.11486429963036,0.466118571683263
"HourlyRate9","108","9",12,1204,63.8239202657807,20.0413676729272,60,63.4014522821577,22.239,30,100,70,0.164186510722,-1.13681944742813,0.577582614218133
"JobInvolvement1","109","1",13,4446,2.73481781376518,0.716878341301389,3,2.74058459808881,0,1,4,3,-0.497435301357111,0.252285243312106,0.010751293807705
"JobInvolvement2","110","2",13,2543,2.60086511993708,0.769674565358791,3,2.65749385749386,0,1,4,3,-0.515877888564388,-0.144784905606782,0.01526279092083
"JobInvolvement3","111","3",13,897,2.68338907469342,0.601414346053894,3,2.7663421418637,0,1,4,3,-1.14647793114712,1.07966119186682,0.020080640539053
"JobInvolvement4","112","4",13,4570,2.76542669584245,0.703699603187452,3,2.7800875273523,0,1,4,3,-0.638508040209668,0.561466459921869,0.01040948409846
"JobInvolvement5","113","5",13,3003,2.78721278721279,0.742950204929635,3,2.80191427382439,0,1,4,3,-0.430599537458637,0.105468725144506,0.01355757578406
"JobInvolvement6","114","6",13,3817,2.7623788315431,0.681724136874339,3,2.75482815057283,0,1,4,3,-0.446144311679828,0.346752404228349,0.011034371227579
"JobInvolvement7","115","7",13,1317,2.76917236142749,0.689603867321808,3,2.77251184834123,0,1,4,3,-0.55204001604202,0.491959883696009,0.019002327592417
"JobInvolvement8","116","8",13,1735,2.64899135446686,0.69320134554222,3,2.66378689704824,0,1,4,3,-0.381615109227711,0.052842925442311,0.016642158636128
"JobInvolvement9","117","9",13,1204,2.67940199335548,0.67998897932198,3,2.63381742738589,0,1,4,3,0.022906399364583,-0.298671798853588,0.019596956591284
"JobLevel1","118","1",14,4446,1.50449842555106,0.568662320697132,1,1.46177627880832,0,1,5,4,0.639201387652909,-0.205390405640784,0.008528442463595
"JobLevel2","119","2",14,2543,2.72198191112859,0.683755886972303,3,2.65798525798526,1.4826,1,4,3,0.335666779829664,-0.743773971080922,0.013559007421377
"JobLevel3","120","3",14,897,4.42028985507246,0.586825909476675,4,4.44784422809458,0,1,5,4,-0.89721937943173,2.87941556041815,0.019593546819298
"JobLevel4","121","4",14,4570,1.41159737417943,0.542923463593853,1,1.35667396061269,0,1,3,2,0.846825323382842,-0.377817868544254,0.008031201290099
"JobLevel5","122","5",14,3003,1.42424242424242,0.536947708761062,1,1.39034540158136,0,1,5,4,1.23284475175624,4.26482784635751,0.009798381109936
"JobLevel6","123","6",14,3817,1.60387739062091,0.5954629769102,2,1.55777414075286,1.4826,1,3,2,0.413431761788641,-0.682646498079527,0.00963815007289
"JobLevel7","124","7",14,1317,4.49202733485194,0.582916813456511,5,4.52037914691943,0,1,5,4,-1.45262105713341,6.18760312183221,0.016062520489404
"JobLevel8","125","8",14,1735,2.7371757925072,0.590267158144039,3,2.69978401727862,0,2,4,2,0.145330451972213,-0.531820481230689,0.014170947224354
"JobLevel9","126","9",14,1204,2.88704318936877,0.584247264403995,3,2.86099585062241,0,1,4,3,-0.029618118313118,-0.040651185434343,0.016837726238619
"JobRole1","127","1",15,4446,6.12483130904184,3.01312160849093,8,6.26925238898257,2.9652,1,10,9,-0.323756872850358,-1.51351696224478,0.045188916758765
"JobRole2","128","2",15,2543,5.89500589854503,3.07415347388574,7,6.11744471744472,2.9652,1,10,9,-0.442522200218165,-1.26582617589091,0.060961039694211
"JobRole3","129","3",15,897,5.29319955406912,1.57402482469299,4,5.18636995827538,0,1,10,9,0.483062121253821,-1.18388446491962,0.052555159203625
"JobRole4","130","4",15,4570,6.15317286652079,2.90699110501244,8,6.25492341356674,2.9652,1,10,9,-0.30148814183251,-1.52805378386699,0.043001697805323
"JobRole5","131","5",15,3003,6.18414918414918,2.89300458290524,8,6.28464419475655,2.9652,1,10,9,-0.321931343162048,-1.50037077889583,0.052792406026841
"JobRole6","132","6",15,3817,6.0872412889704,2.99063653410664,8,6.24484451718494,2.9652,1,10,9,-0.323380220465093,-1.51434795456732,0.048406374278303
"JobRole7","133","7",15,1317,5.02353834472285,1.44406086669242,4,4.91279620853081,0,1,8,7,0.615545828426278,-1.46027274964711,0.039791710796009
"JobRole8","134","8",15,1735,5.69740634005764,3.33899216854046,5,5.8682505399568,5.9304,1,10,9,-0.326870026199954,-1.51682665709168,0.080161467820255
"JobRole9","135","9",15,1204,5.73837209302326,3.03191491815123,7,5.92219917012448,2.9652,1,9,8,-0.405218259232844,-1.25348610446627,0.087378335305845
"JobSatisfaction1","136","1",16,4446,2.740440845704,1.12107018771856,3,2.80044969083755,1.4826,1,4,3,-0.335587258618342,-1.26603087878977,0.016813110778798
"JobSatisfaction2","137","2",16,2543,2.74832874557609,1.08180910291828,3,2.81031941031941,1.4826,1,4,3,-0.345806749111034,-1.16408023820802,0.02145247731604
"JobSatisfaction3","138","3",16,897,2.64102564102564,1.04817563469686,3,2.6759388038943,1.4826,1,4,3,-0.215271095097384,-1.14483764609121,0.034997565788455
"JobSatisfaction4","139","4",16,4570,2.7417943107221,1.0982902495412,3,2.80224288840263,1.4826,1,4,3,-0.317155183740116,-1.22784181971776,0.016246470562593
"JobSatisfaction5","140","5",16,3003,2.66766566766567,1.04882954596975,3,2.70952975447358,1.4826,1,4,3,-0.299977177406802,-1.09699672195636,0.019139352758362
"JobSatisfaction6","141","6",16,3817,2.75635315692953,1.08995417988153,3,2.820294599018,1.4826,1,4,3,-0.389102439883247,-1.1471371806464,0.017641973331041
"JobSatisfaction7","142","7",16,1317,2.69096431283219,1.12825768633773,3,2.73838862559242,1.4826,1,4,3,-0.271221016448615,-1.31739173819445,0.031089619969383
"JobSatisfaction8","143","8",16,1735,2.69913544668588,1.15493742326377,3,2.74874010079194,1.4826,1,4,3,-0.37080098644074,-1.31069655140531,0.027727372337574
"JobSatisfaction9","144","9",16,1204,2.75830564784053,1.17066774201557,3,2.82261410788382,1.4826,1,4,3,-0.293314902720203,-1.42335930098009,0.033738083440661
"MaritalStatus1","145","1",17,4446,2.40575798470535,1.16027348271378,2,2.38223721191681,1.4826,1,4,3,0.394088450349102,-1.3530865666545,0.017401057322082
"MaritalStatus2","146","2",17,2543,2.44986236728274,1.18264353565504,2,2.43734643734644,1.4826,1,4,3,0.315762919312386,-1.45482908712663,0.023452043020494
"MaritalStatus3","147","3",17,897,2.15719063545151,1.00491877359285,2,2.07232267037552,0,1,4,3,0.855563390019904,-0.334204769893873,0.033553261234736
"MaritalStatus4","148","4",17,4570,2.53063457330416,1.18317999306152,2,2.5382932166302,1.4826,1,4,3,0.219040550203048,-1.52710264623855,0.017502203024704
"MaritalStatus5","149","5",17,3003,2.47052947052947,1.16810571955877,2,2.46317103620474,1.4826,1,4,3,0.311742234299166,-1.44172005889522,0.02131593976505
"MaritalStatus6","150","6",17,3817,2.47943411055803,1.13946679870262,2,2.47430441898527,1.4826,1,4,3,0.343378024000412,-1.38524064891356,0.018443383442507
"MaritalStatus7","151","7",17,1317,2.28777524677297,1.08594683711231,2,2.23507109004739,0,1,4,3,0.621244467448847,-0.949982735183913,0.029923726540135
"MaritalStatus8","152","8",17,1735,2.23227665706052,1.07380268002074,2,2.16558675305975,0,1,4,3,0.690823308901035,-0.80906474674695,0.025779515085659
"MaritalStatus9","153","9",17,1204,2.27990033222591,1.14554817524713,2,2.22510373443983,1.4826,1,4,3,0.549730246587289,-1.15299848389136,0.033014149561551
"MonthlyIncome1","154","1",18,4446,3973.9579397211,1599.36589959747,3920,3853.97948285554,1912.554,1081,8578,7497,0.570498017752898,-0.181924068246914,23.9862912602173
"MonthlyIncome2","155","2",18,2543,9235.49783720016,2697.78645325013,9204,9128.09434889435,3547.8618,4741,14756,10015,0.246289196574978,-1.11102332888525,53.4976111180321
"MonthlyIncome3","156","3",18,897,17672.4425863991,1722.40594785642,17861,17888.1140472879,1876.9716,13206,19999,6793,-0.858340475917388,0.130386740705464,57.50946070404
"MonthlyIncome4","157","4",18,4570,3674.64595185996,1499.62294882807,3162,3532.38539387309,1402.5396,1009,8943,7934,0.837152508256976,0.281484811626528,22.1831889186867
"MonthlyIncome5","158","5",18,3003,3571.67665667666,1268.5055388697,3211,3506.46691635456,1433.6742,1009,6842,5833,0.362405185371594,-0.875903610545784,23.1480654579728
"MonthlyIncome6","159","6",18,3817,4269.96803772596,1651.784481809,4148,4183.51620294599,1977.7884,1051,8161,7110,0.361329054316074,-0.847481481802977,26.7357456988411
"MonthlyIncome7","160","7",18,1317,18058.171602126,1361.94748960865,18061,18119.2739336493,1795.4286,15379,19973,4594,-0.237713142343218,-1.30365813100478,37.5290417986249
"MonthlyIncome8","161","8",18,1735,9132.42017291066,2114.7823322915,9526,9005.17062634989,2066.7444,5770,13770,8000,0.256363435316522,-0.70867770463335,50.7710253034018
"MonthlyIncome9","162","9",18,1204,10442.7200996678,2152.06581352205,9980,10407.4937759336,1679.7858,6667,14852,8185,0.353769203070425,-0.752780227817178,62.021505659149
"MonthlyRate1","163","1",19,4446,17740.5611785875,1976.83864828751,17783,17782.5550871276,2510.0418,13672,21630,7958,-0.119149058567057,-1.10411948093756,29.6473918846291
"MonthlyRate2","164","2",19,2543,22417.911915061,2142.52241598937,22573,22476.4039312039,2163.1134,17071,26862,9791,-0.230799518054788,-0.367852489143816,42.4866211646138
"MonthlyRate3","165","3",19,897,6179.06577480491,2566.1585196796,5640,6128.70653685675,3157.938,2125,10849,8724,0.213759520274387,-1.18354127437718,85.6815390886899
"MonthlyRate4","166","4",19,4570,5813.12428884026,2049.7518499566,5915,5801.69830415755,2508.5592,2097,10092,7995,0.013737882401391,-1.05965824157839,30.3209767225481
"MonthlyRate5","167","5",19,3003,24167.7096237096,1702.14063415404,24117,24178.7565543071,2090.466,20898,26999,6101,-0.021801267299404,-1.16486935108497,31.0611673427784
"MonthlyRate6","168","6",19,3817,11760.741943935,1719.114254317,11806,11728.7947626841,2063.7792,8192,15701,7509,0.143492236862483,-0.712286609202533,27.8255438508151
"MonthlyRate7","169","7",19,1317,18816.3606681853,4110.63518687519,18685,18740.4018957346,4799.1762,10778,26703,15925,0.075418077569221,-0.954311824656042,113.270299276711
"MonthlyRate8","170","8",19,1735,5803.42132564842,2237.47934659054,5549,5756.85385169186,2760.6012,2094,10225,8131,0.148952551547884,-1.09470723367832,53.7166964122002
"MonthlyRate9","171","9",19,1204,13969.4003322259,2197.87972244783,13943,13990.1794605809,2772.462,10056,17881,7825,-0.060129530969624,-1.14825927873635,63.3418405642687
"NumCompaniesWorked1","172","1",20,4446,2.62843004948268,2.4632354756025,1,2.26391231028668,1.4826,0,9,9,1.14578402338269,0.387830262733923,0.036942067837742
"NumCompaniesWorked2","173","2",20,2543,2.99567440031459,2.56918068373595,2,2.77788697788698,2.9652,0,9,9,0.620444372974143,-0.82046655394463,0.05094733459903
"NumCompaniesWorked3","174","3",20,897,2.15719063545151,1.8734625006974,1,1.81084840055633,1.4826,0,9,9,1.53171036028057,1.68004091839762,0.062553092201311
"NumCompaniesWorked4","175","4",20,4570,2.69693654266958,2.53248784048438,2,2.34655361050328,1.4826,0,9,9,1.05825507438752,0.039955346573411,0.03746185415717
"NumCompaniesWorked5","176","5",20,3003,2.57775557775558,2.48557424042445,1,2.20058260507699,1.4826,0,9,9,1.17125639095912,0.396974938257101,0.045357496246539
"NumCompaniesWorked6","177","6",20,3817,2.8422845166361,2.59752418401337,2,2.52569558101473,1.4826,0,9,9,0.915346029849094,-0.280231628701425,0.042043466805254
"NumCompaniesWorked7","178","7",20,1317,2.30751708428246,2.12211821059664,1,1.84454976303318,0,0,9,9,1.7184891600311,2.16444116239855,0.058475869029274
"NumCompaniesWorked8","179","8",20,1735,2.66455331412104,2.53086711766027,2,2.36933045356372,2.9652,0,9,9,0.818271400120253,-0.455208638806974,0.060760257218077
"NumCompaniesWorked9","180","9",20,1204,2.82392026578073,2.62962707759166,2,2.52800829875519,2.9652,0,9,9,0.815633716524676,-0.589333755899672,0.075784592482971
"OverTime1","181","1",21,4446,1.63202878992353,0.92969981975447,1,1.54019111860596,0,1,3,2,0.791207405387926,-1.37369798346505,0.013943057474725
"OverTime2","182","2",21,2543,1.61541486433346,0.923058009357012,1,1.51941031941032,0,1,3,2,0.832764898864913,-1.30647470201426,0.018304413369885
"OverTime3","183","3",21,897,1.40356744704571,0.803110988044426,1,1.25591098748262,0,1,3,2,1.48364956423003,0.201444332194642,0.026815095399203
"OverTime4","184","4",21,4570,1.54354485776805,0.88959779439112,1,1.42943107221007,0,1,3,2,1.02569735248366,-0.947453879309512,0.013159385130807
"OverTime5","185","5",21,3003,1.53679653679654,0.886023684172937,1,1.42114024136496,0,1,3,2,1.04478636675666,-0.907643966404272,0.016168423085345
"OverTime6","186","6",21,3817,1.51480220068116,0.874069387669288,1,1.39378068739771,0,1,3,2,1.10934239102823,-0.768215723941623,0.014147667040845
"OverTime7","187","7",21,1317,1.59453302961276,0.91404136081501,1,1.49383886255924,0,1,3,2,0.886119306790686,-1.21462712247807,0.025186798094217
"OverTime8","188","8",21,1735,1.58616714697406,0.910298635209221,1,1.48308135349172,0,1,3,2,0.908384115904274,-1.17467602331984,0.021854161696055
"OverTime9","189","9",21,1204,1.6312292358804,0.929906626910547,1,1.53941908713693,0,1,3,2,0.792476288363907,-1.37311972833098,0.026799463455545
"PercentSalaryHike1","190","1",22,4446,14.9435447593342,3.44472109572821,14,14.5165823496346,2.9652,11,25,14,0.976343547091676,0.11486785490504,0.051661776415983
"PercentSalaryHike2","191","2",22,2543,15.0825796303578,3.3367666851229,14,14.7847665847666,2.9652,11,25,14,0.699167365193286,-0.456835527422313,0.066168708904759
"PercentSalaryHike3","192","3",22,897,14.9464882943144,3.9519196621094,14,14.3699582753825,2.9652,11,25,14,1.05541531573887,0.100226265627926,0.131950756902837
"PercentSalaryHike4","193","4",22,4570,15.271772428884,3.73792529334773,14,14.8777352297593,2.9652,11,25,14,0.766101162112306,-0.480376345595986,0.055293300900116
"PercentSalaryHike5","194","5",22,3003,15.4925074925075,3.87034117087987,14,15.1048689138577,4.4478,11,25,14,0.68294645856101,-0.620287462862915,0.070627134074672
"PercentSalaryHike6","195","6",22,3817,15.4296567985329,3.56378545716456,14,15.0815057283142,2.9652,11,25,14,0.774083331875481,-0.380930886013695,0.057683349587853
"PercentSalaryHike7","196","7",22,1317,15.0501138952164,3.84746121666817,14,14.5763033175355,2.9652,11,25,14,0.968362263205917,-0.262248815929146,0.106018428699052
"PercentSalaryHike8","197","8",22,1735,14.9844380403458,3.5921370483139,14,14.5752339812815,4.4478,11,25,14,0.825522069854155,-0.131753000090028,0.086238890021185
"PercentSalaryHike9","198","9",22,1204,15.4734219269103,4.11959104064899,14,14.9979253112033,4.4478,11,25,14,0.761331163303691,-0.504648412939966,0.118724640034515
"PerformanceRating1","199","1",23,4446,3.14012595591543,0.347156707276597,3,3.05030916245081,0,3,4,1,2.07279936243981,2.29701399601078,0.005206439561935
"PerformanceRating2","200","2",23,2543,3.1431380259536,0.350282429912359,3,3.05405405405405,0,3,4,1,2.03676583516259,2.14926069852933,0.006946166252097
"PerformanceRating3","201","3",23,897,3.15273132664437,0.359929011245064,3,3.06675938803894,0,3,4,1,1.92749968996561,1.7171731332702,0.012017679893757
"PerformanceRating4","202","4",23,4570,3.16411378555799,0.370419323364483,3,3.08014223194748,0,3,4,1,1.81314901887029,1.28779130067142,0.005479431903698
"PerformanceRating5","203","5",23,3003,3.17216117216117,0.377583339867101,3,3.090303786933,0,3,4,1,1.73593282752009,1.01380071026674,0.006890252820553
"PerformanceRating6","204","6",23,3817,3.15378569557244,0.360790462796352,3,3.06743044189853,0,3,4,1,1.91869595717748,1.6818349989574,0.005839746147346
"PerformanceRating7","205","7",23,1317,3.17008352315869,0.375848877924117,3,3.08815165876777,0,3,4,1,1.75424746565846,1.07820458224219,0.010356675537934
"PerformanceRating8","206","8",23,1735,3.1463976945245,0.353606387488478,3,3.05831533477322,0,3,4,1,1.99882418766337,1.99644982113947,0.00848927030101
"PerformanceRating9","207","9",23,1204,3.16029900332226,0.367035587501773,3,3.07572614107884,0,3,4,1,1.84951467678133,1.4218875783196,0.010577789779623
"RelationshipSatisfaction1","208","1",24,4446,2.72334682860999,1.08696299327494,3,2.77908937605396,1.4826,1,4,3,-0.322459232747087,-1.18814329574976,0.016301592370034
"RelationshipSatisfaction2","209","2",24,2543,2.7884388517499,1.03102541943248,3,2.86044226044226,1.4826,1,4,3,-0.4516829572244,-0.932926468039134,0.020445427352174
"RelationshipSatisfaction3","210","3",24,897,2.65551839464883,1.01471054103283,3,2.69401947148818,1.4826,1,4,3,-0.195185080380968,-1.06989146943532,0.033880198833572
"RelationshipSatisfaction4","211","4",24,4570,2.72275711159737,1.07088789734653,3,2.77844638949672,1.4826,1,4,3,-0.308527363955945,-1.15860095738755,0.015841120967199
"RelationshipSatisfaction5","212","5",24,3003,2.60972360972361,1.13372915445808,3,2.63712026633375,1.4826,1,4,3,-0.195547864983119,-1.35846385881641,0.020688626005049
"RelationshipSatisfaction6","213","6",24,3817,2.68299711815562,1.09845833850345,3,2.72864157119476,1.4826,1,4,3,-0.24382946105929,-1.26224293417656,0.017779621447246
"RelationshipSatisfaction7","214","7",24,1317,2.85573272589218,1.06996478151266,3,2.94407582938389,1.4826,1,4,3,-0.428949532420858,-1.11020247867381,0.029483334206948
"RelationshipSatisfaction8","215","8",24,1735,2.70317002881844,1.08946209726862,3,2.75377969762419,1.4826,1,4,3,-0.312396829717651,-1.1976832545438,0.02615546142169
"RelationshipSatisfaction9","216","9",24,1204,2.71760797342193,1.00538314634711,3,2.77178423236515,1.4826,1,4,3,-0.222902234842537,-1.05349930275076,0.02897466058379
"StockOptionLevel1","217","1",25,4446,0.830409356725146,0.869962265317029,1,0.709668353007308,1.4826,0,3,3,0.906377480901247,0.163224690662434,0.013047150928093
"StockOptionLevel2","218","2",25,2543,0.835627211954385,0.889065531617883,1,0.716953316953317,1.4826,0,3,3,0.857320077891511,-0.070974451161639,0.017630336163798
"StockOptionLevel3","219","3",25,897,0.690078037904125,0.624858639850763,1,0.649513212795549,0,0,3,3,0.776681091467679,1.59840716176618,0.020863422724939
"StockOptionLevel4","220","4",25,4570,0.784026258205689,0.918646829613767,1,0.634846827133479,1.4826,0,3,3,1.02889986567737,0.166224942535319,0.013589093302953
"StockOptionLevel5","221","5",25,3003,0.743256743256743,0.836590537359138,1,0.620890553474823,1.4826,0,3,3,0.988516903225393,0.344690544555565,0.015266352354729
"StockOptionLevel6","222","6",25,3817,0.745873722818968,0.823447257277234,1,0.615384615384615,1.4826,0,3,3,1.07698385951896,0.765717762463002,0.013328298400565
"StockOptionLevel7","223","7",25,1317,0.760820045558087,0.749700200642944,1,0.662559241706161,1.4826,0,3,3,0.864510839835827,0.624157370379932,0.020658307593379
"StockOptionLevel8","224","8",25,1735,0.873775216138328,0.783095907109357,1,0.795536357091433,1.4826,0,3,3,0.692704914696365,0.157720398904781,0.018800318835536
"StockOptionLevel9","225","9",25,1204,0.839700996677741,0.857252222821172,1,0.705394190871369,1.4826,0,3,3,1.0324430274118,0.64803229251324,0.024705598339489
"TotalWorkingYears1","226","1",26,4446,8.13540260908682,5.05164525938044,7,7.71613265879708,4.4478,0,38,38,0.884470297042664,1.15303997418707,0.075761421801785
"TotalWorkingYears2","227","2",26,2543,15.220605583956,8.0318808175856,12,14.1675675675676,5.9304,0,38,38,1.02973191303322,0.08927792683068,0.159273702337676
"TotalWorkingYears3","228","3",26,897,24.7547380156076,5.87842247988748,25,24.9944367176634,4.4478,5,37,32,-0.561454985643798,1.13117386792882,0.196274813745021
"TotalWorkingYears4","229","4",26,4570,7.72866520787746,4.58426001553995,7,7.37472647702407,4.4478,0,24,24,0.692393823519502,0.40410883501653,0.067812716560904
"TotalWorkingYears5","230","5",26,3003,7.37462537462537,4.7613795264103,7,6.94590095713691,4.4478,0,34,34,0.937792586326121,1.60525118191912,0.086887066370877
"TotalWorkingYears6","231","6",26,3817,8.73513230285565,4.9379063338412,8,8.40490998363339,4.4478,0,36,36,0.60961892542357,0.141108390485692,0.079924838548968
"TotalWorkingYears7","232","7",26,1317,25.7501898253607,5.83881861128509,24,25.4739336492891,4.4478,9,40,31,0.168207088003949,0.309610779450259,0.160891127880761
"TotalWorkingYears8","233","8",26,1735,14.1723342939481,6.45092699391346,12,13.4578833693305,4.4478,0,40,40,1.11815755269732,1.48525224628182,0.154871814766624
"TotalWorkingYears9","234","9",26,1204,15.5099667774086,6.8967495324688,14,14.6161825726141,5.9304,0,36,36,0.917354812111926,0.109676557249125,0.198761017191059
"TrainingTimesLastYear1","235","1",27,4446,2.81196581196581,1.26711486129782,3,2.73917931422147,1.4826,0,6,6,0.529723593404205,0.375035925278111,0.019003397615823
"TrainingTimesLastYear2","236","2",27,2543,2.87534408179316,1.44659507898807,3,2.81916461916462,1.4826,0,6,6,0.444682682241129,0.039236712776734,0.028686251607398
"TrainingTimesLastYear3","237","3",27,897,2.95317725752508,1.06067776765785,3,2.85257301808067,1.4826,1,6,5,0.698518649614572,-0.244201294391737,0.035414999858008
"TrainingTimesLastYear4","238","4",27,4570,2.87417943107221,1.28875918418233,3,2.79431072210066,1.4826,0,6,6,0.495653812052487,0.335928059893374,0.019063984367371
"TrainingTimesLastYear5","239","5",27,3003,2.85547785547785,1.33138176774538,3,2.77611319184353,1.4826,0,6,6,0.545814264684428,0.307077067062563,0.024295449538819
"TrainingTimesLastYear6","240","6",27,3817,2.67068378307571,1.19562549037757,3,2.60785597381342,1.4826,0,6,6,0.52462891387912,1.23107932411348,0.019352366736597
"TrainingTimesLastYear7","241","7",27,1317,2.56643887623386,1.14901722190673,2,2.49478672985782,1.4826,0,6,6,0.580715293934136,1.39059254824529,0.031661657793186
"TrainingTimesLastYear8","242","8",27,1735,2.72910662824208,1.35265984186469,2,2.6508279337653,1.4826,0,6,6,0.628980920285982,0.340064591782048,0.032474229621444
"TrainingTimesLastYear9","243","9",27,1204,2.77242524916944,1.33426126841636,3,2.65248962655602,1.4826,0,6,6,0.800151146673908,0.492377492574267,0.038452770491454
"WorkLifeBalance1","244","1",28,4446,2.68218623481781,0.730183136464994,3,2.73130972456436,0,1,4,3,-0.669426187861226,0.291832523901249,0.010950830819237
"WorkLifeBalance2","245","2",28,2543,2.74990169091624,0.705418356160369,3,2.75282555282555,0,1,4,3,-0.49866913640905,0.319056616391594,0.013988578246408
"WorkLifeBalance3","246","3",28,897,2.77034559643255,0.756439020699586,3,2.79972183588317,0,1,4,3,-0.550955825858434,0.210072258540448,0.025256763767023
"WorkLifeBalance4","247","4",28,4570,2.76892778993435,0.726870346324332,3,2.7855579868709,0,1,4,3,-0.545969903705852,0.331506489989712,0.010752237570454
"WorkLifeBalance5","248","5",28,3003,2.77089577089577,0.678590529495475,3,2.7632126508531,0,1,4,3,-0.443064648892273,0.365955962636367,0.012383121330253
"WorkLifeBalance6","249","6",28,3817,2.80875032748232,0.709767829555283,3,2.8265139116203,0,1,4,3,-0.586406281587,0.533365950003977,0.011488285793451
"WorkLifeBalance7","250","7",28,1317,2.82384206529992,0.600867761011595,3,2.8,0,1,4,3,-0.243976978316295,0.315319343677829,0.01655716647705
"WorkLifeBalance8","251","8",28,1735,2.71469740634006,0.657568489527041,3,2.72786177105831,0,1,4,3,-0.484418242275114,0.368231645054972,0.015786696300003
"WorkLifeBalance9","252","9",28,1204,2.87126245847176,0.688973649106428,3,2.88796680497925,0,1,4,3,-0.543185534535966,0.640888350356071,0.019855890469783
"YearsAtCompany1","253","1",29,4446,5.27282950967161,4.18401419204428,5,4.73664980326026,4.4478,0,37,37,1.51813073523567,3.72658795835385,0.062749232725617
"YearsAtCompany2","254","2",29,2543,8.69248918600079,6.88570071442693,7,7.66093366093366,4.4478,0,37,37,1.64789620304681,3.25168516900511,0.136544736019331
"YearsAtCompany3","255","3",29,897,14.8896321070234,9.70537369437877,18,14.4673157162726,11.8608,1,34,33,0.111114015263565,-1.18242836437396,0.324052995630638
"YearsAtCompany4","256","4",29,4570,5.2925601750547,4.03567606985053,5,4.86022975929978,4.4478,0,20,20,1.14681293974024,1.59294050437367,0.059697782527321
"YearsAtCompany5","257","5",29,3003,5.12687312687313,4.07044323231293,4,4.638784852268,2.9652,0,33,33,1.60152092636835,5.0729358455686,0.074278655864994
"YearsAtCompany6","258","6",29,3817,5.41184176054493,3.81196480425437,5,5.03338788870704,4.4478,0,36,36,0.919452228911867,1.06087655066364,0.061700374801839
"YearsAtCompany7","259","7",29,1317,13.4791192103265,9.82918997249587,10,12.8407582938389,11.8608,0,36,36,0.409616528243809,-0.991729233224769,0.270847506338455
"YearsAtCompany8","260","8",29,1735,9.78616714697406,6.44449587722791,9,9.17494600431965,5.9304,0,40,40,1.30348403210264,2.97533908266663,0.154717418551474
"YearsAtCompany9","261","9",29,1204,9.1187707641196,5.70193531339554,9,8.6753112033195,5.9304,0,33,33,1.09040037803385,2.40060573602563,0.164327043850529
"YearsInCurrentRole1","262","1",30,4446,3.34525416104364,3.04015255015082,2,2.97948285553682,2.9652,0,16,16,1.02301323185927,0.406821173347497,0.045594309946062
"YearsInCurrentRole2","263","2",30,2543,5.13212740857255,3.57066492267966,5,4.96805896805897,4.4478,0,16,16,0.401086615058495,-0.279899233744715,0.07080695480407
"YearsInCurrentRole3","264","3",30,897,6.94648829431438,5.08778204708338,7,6.49930458970793,5.9304,0,18,18,0.622606401658656,-0.501273818625835,0.169876098065967
"YearsInCurrentRole4","265","4",30,4570,3.34026258205689,3.08924282771856,2,2.97866520787746,2.9652,0,15,15,1.03960554922015,0.544337055985729,0.045697658412425
"YearsInCurrentRole5","266","5",30,3003,3.52114552114552,3.18815926726695,2,3.13566375364128,2.9652,0,16,16,1.23380162544189,1.57374597642071,0.058178476283909
"YearsInCurrentRole6","267","6",30,3817,3.59601781503799,3.09633327268426,2,3.27037643207856,2.9652,0,15,15,0.901610579933884,0.114892119992846,0.050117179262203
"YearsInCurrentRole7","268","7",30,1317,6.32346241457859,4.48521761571569,7,6.01611374407583,4.4478,0,17,17,0.382160459413312,-0.579290915632647,0.123592077272003
"YearsInCurrentRole8","269","8",30,1735,6.09740634005764,3.84147660663669,7,5.96904247660187,4.4478,0,17,17,0.262844602814891,-0.164984521410814,0.092224955268396
"YearsInCurrentRole9","270","9",30,1204,5.64036544850498,3.70899899104147,7,5.52489626556017,4.4478,0,14,14,0.11993824294608,-0.907146013292226,0.106891573885549
"YearsSinceLastPromotion1","271","1",31,4446,1.5629779577148,2.38338201405814,1,1.01124227093873,1.4826,0,12,12,1.86721354262963,2.7918868553493,0.035744475474906
"YearsSinceLastPromotion2","272","2",31,2543,2.88438851749902,3.96473489986129,1,2.03390663390663,1.4826,0,15,15,1.58034113645514,1.60117227082222,0.078621436327304
"YearsSinceLastPromotion3","273","3",31,897,4.18171683389075,4.83792912410941,1,3.53407510431154,1.4826,0,15,15,0.934802182707181,-0.67107434365952,0.161533751783754
"YearsSinceLastPromotion4","274","4",31,4570,1.54332603938731,2.34177200763463,1,1.00902625820569,1.4826,0,15,15,2.36949931477663,6.68210991440873,0.034640688107933
"YearsSinceLastPromotion5","275","5",31,3003,1.44289044289044,2.29466226716954,1,0.884311277569704,1.4826,0,12,12,2.41659068366696,6.00830856455264,0.041873677912128
"YearsSinceLastPromotion6","276","6",31,3817,1.55750589468169,2.24656898058287,1,1.03600654664484,1.4826,0,11,11,1.94611023863217,3.37626246283988,0.036362913940194
"YearsSinceLastPromotion7","277","7",31,1317,4.72513287775247,4.77618348147802,4,4.10521327014218,4.4478,0,15,15,0.940066025362061,-0.421241141591877,0.131609765341097
"YearsSinceLastPromotion8","278","8",31,1735,3.32795389048991,3.84731622304865,2,2.68106551475882,2.9652,0,15,15,1.25290492720907,0.707746625672956,0.092365150932076
"YearsSinceLastPromotion9","279","9",31,1204,3.25830564784053,3.78040919989332,1,2.62240663900415,1.4826,0,15,15,1.1808168369006,0.42354075704363,0.108949581890972
"YearsWithCurrManager1","280","1",32,4446,3.29802069275754,2.96845517318474,2,3.00562113546937,2.9652,0,13,13,0.805302091823988,-0.219721778178269,0.044519037447796
"YearsWithCurrManager2","281","2",32,2543,4.87101848210775,3.74668455914456,4,4.59066339066339,4.4478,0,17,17,0.570468252129413,-0.345655506234317,0.074297457193313
"YearsWithCurrManager3","282","3",32,897,6.86845039018952,4.48813877592062,7,6.69958275382476,4.4478,0,17,17,0.12354543542559,-0.69805990814994,0.149854591996336
"YearsWithCurrManager4","283","4",32,4570,3.53960612691466,3.2782045946886,2,3.16931072210066,2.9652,0,17,17,1.14427619123145,1.32663779162489,0.048492877422898
"YearsWithCurrManager5","284","5",32,3003,3.25074925074925,3.06514793283486,2,2.89013732833958,2.9652,0,17,17,1.15100024966303,1.42817462976738,0.055933728953878
"YearsWithCurrManager6","285","6",32,3817,3.60151951794603,3.16256400846701,2,3.27070376432079,2.9652,0,15,15,0.904750693602859,0.082334658507964,0.051189188430975
"YearsWithCurrManager7","286","7",32,1317,6.13439635535308,4.47563581982708,7,5.86635071090047,5.9304,0,17,17,0.369003165606031,-0.785328329217571,0.123328046814769
"YearsWithCurrManager8","287","8",32,1735,5.41671469740634,3.64181432483476,7,5.28005759539237,4.4478,0,17,17,0.250221534114207,-0.38450093868706,0.087431526362397
"YearsWithCurrManager9","288","9",32,1204,5.50664451827243,3.65750538924605,7,5.43257261410788,4.4478,0,13,13,-0.033522739818371,-1.15370036122577,0.105407552953151
"Employee.Source1","289","1",33,4446,5.04251012145749,3.07056000018656,4,4.92720629567173,2.9652,1,10,9,0.389782032618814,-1.202787855686,0.046050341897989
"Employee.Source2","290","2",33,2543,4.8242233582383,3.11378927532264,4,4.63931203931204,2.9652,1,10,9,0.528924172009537,-1.16787126811407,0.061747025067171
"Employee.Source3","291","3",33,897,4.9108138238573,3.03235254358043,4,4.76495132127955,2.9652,1,10,9,0.383871287528676,-1.21020797210952,0.101247304482934
"Employee.Source4","292","4",33,4570,5.10065645514223,2.98444563414881,5,4.94912472647702,4.4478,1,11,10,0.362662483521592,-1.2221461136124,0.044147444777109
"Employee.Source5","293","5",33,3003,4.69130869130869,2.90608284590722,4,4.48938826466916,2.9652,1,10,9,0.581448780202121,-0.877886670193727,0.053031062050618
"Employee.Source6","294","6",33,3817,4.85459785171601,3.09731666038216,4,4.6936170212766,2.9652,1,10,9,0.540336931211017,-1.10072488860735,0.050133096352903
"Employee.Source7","295","7",33,1317,4.93470007593014,2.73338920944522,5,4.71848341232227,2.9652,1,10,9,0.532437756993778,-0.847932910827743,0.075319701145494
"Employee.Source8","296","8",33,1735,4.65302593659942,3.20332886379032,4,4.44204463642909,2.9652,1,10,9,0.562505341858209,-1.13153088530874,0.076904506111695
"Employee.Source9","297","9",33,1204,5.01495016611296,3.09851154798169,4,4.86721991701245,2.9652,1,10,9,0.483907613508654,-1.19372225246863,0.089297618270128
"cluster1","298","1",34,4446,1,0,1,1,0,1,1,0,NA,NA,0
"cluster2","299","2",34,2543,2,0,2,2,0,2,2,0,NA,NA,0
"cluster3","300","3",34,897,3,0,3,3,0,3,3,0,NA,NA,0
"cluster4","301","4",34,4570,4,0,4,4,0,4,4,0,NA,NA,0
"cluster5","302","5",34,3003,5,0,5,5,0,5,5,0,NA,NA,0
"cluster6","303","6",34,3817,6,0,6,6,0,6,6,0,NA,NA,0
"cluster7","304","7",34,1317,7,0,7,7,0,7,7,0,NA,NA,0
"cluster8","305","8",34,1735,8,0,8,8,0,8,8,0,NA,NA,0
"cluster9","306","9",34,1204,9,0,9,9,0,9,9,0,NA,NA,0
